when	what	why	evidence	result
grill-r2	Frame: artifacts live inside each target repo (.skill-stats/), gathered org-wide later	User requirement: run on multiple repos, store results "as part of the version control in some .skill-stats/ directory", CI/precommit freshness, org-wide stats from concatenated data	DESIGN.md pilot is single-repo machine-local DB; user message	this grill is multi-repo from the ground up
grill-r2-Q3	Per-repo artifact = full analysis store (A), not a metrics snapshot; gather = union across repos	"Analyze the concatenated data, maybe org-wide stats" implies per-commit audit data must survive; B-3 (central org repo) rejected implicitly by in-repo requirement	user answer Q3->A	Artifact scope = verdicts, features, targets, lineage, per-repo; union later
grill-r2-Q5	Diff text dropped from artifact; churn column added; NEW REQUIREMENT: feature total-lines + evolution over time (double counting worry), opened as Q7	User: "drop diff from the artifact, add churn, can we also add a total lines column?... total lines of a feature and how it evolves over time. I don't know how to avoid double counting"	user answer Q5	Columns substrate will carry added/deleted per commit; semantics of feature size undecided (Q7)
grill-r2-Q4facts	Measured: artifact core 344 KB (diff dropped), 311 KB (also raw_llm_output dropped) of 1.96 MB; SQLite-in-git stores ~83 KB compressed per whole blob, +~2 KB/update when pack delta locality holds (12-commit append-only sim); SQL-text dump = 193 KB at pilot scale; ingest bench: A text 30.9 ms vs B attach 1.9 ms (802 rows local)	Simulated repo /tmp/opencode/growth + bench script on ss-v1.db copy	Both formats ingest in ms — speed will not decide; format verdict to be re-asked with numbers in Q4
grill-r2-Q4req	Format leaning B (SQLite) but gated on growth; decision criterion stated: ingest speed; signature requirement added; HTML report in artifact + GitHub Pages feasibility asked	User: "i would like B, but it may be too much growth... depends on speed, whatever is faster to ingest"; "need some kind of signature/sha so the utility knows if someone modified it manually, then a complete recompute"	user answer Q4	Q4 re-asked with measured numbers; signature semantics = Q6; publishing = Q8
grill-r3-Q6	Partial recompute accepted: digest verify -> walk back artifact git history to newest verifying version -> re-classify commits after its coverage horizon; fallback full recompute if history rewritten	User: "it could trigger to walk the previous commits to see if we have an untampered signature and do a partial recompute from there"	user answer Q6	glossary: Artifact digest + Partial recompute settled
grill-r3-Q7	(c) live_lines accepted; storage corrected (no persisted per-commit lineage totals): commits.added/deleted/churn write columns + features.live_lines per update; fix-owned lines accrue via lineage transiently; commit claimed by 2 features counts in both (user OK)	User: "i am leaning to option c. I think that a commit claimed by 2 features is ok to be counted by both"	user answer Q7	Q9 opened: how the live-lines curve reaches back before adoption (sampled blame backfill vs forward-only)
grill-r3-Q8	Publishing = Q8->A settled: report.html regenerated into .skill-stats/ every update; CI uploads it as Actions artifact; Pages only public/paid repos; org landing deferred to gather round	User: "i am ok with it being available only for public o paid private repos, dotfiles was just a test, we can select other repos for testing"; "Q8 -> option A"	user answer Q8	recursion ring closed by exclusion mechanics
grill-r3-excl	Artifact paths excluded from stats everywhere: walk skips commits whose stripped diff is empty; mixed commits get .skill-stats/** stripped before classify/churn; blame parsing ignores store paths; pattern-based so re-init/fork/CI commits all covered; CI recursion ring closed	User: "if this is going to be commited in the repo, it should be excluded from the stats"	user answer Q4 rider	settled, mechanics documented in DESIGN.md at grill close
grill-r3-Q10	Format ratified: SQL lines (one INSERT per row, whole snapshot every update); runner-up JSON had identical growth but needs custom loader; SQLite binary rejected for volatile growth + unreadable diffs + digest complexity	Measured: JSON/SQL-line growth stable-small (diff = changed rows only), SQLite whole-blob ~83 KB compressed with ~2 KB/update only when delta locality holds; ingest 30.9 vs 1.9 ms — immaterial	user answer Q10	Q4 closed; digest = sha256 over exact file bytes
grill-r3-Q9	Full-sweep backfill of live-lines history at every commit, sampled under a size cap ("unless the repo is huge")	User: typed custom answer rejecting both presets: "Full backfill unless the repo is huge, sample in that case"	user answer Q9	Cap value chosen at implementation; backfill samples join the same sample-row family as forward samples
grill-r4	Q11->A update verb accepted (single orchestrating entry, stage verbs stay plumbing); Q13->A accepted with explicit backlog reprocessing ("run deterministic parts, reprocess classification in a future commit")	User answers Q11, Q13	user answers	settled
grill-r4-Q12	Runner = CI on every commit to Target branch (configurable cadence); user flagged recursion worry: artifact update can't join the triggering commit (amend/force-push?) — landing mechanics opened as Q15; pre-commit fallback named	if "adding data to the commit on ci is not possible" then "go with the precommit route"	user answer Q12	Q15 open: GITHUB_TOKEN ride-along vs PAT self-trigger vs CI-artifact-only + precommit
grill-r4-Q14	Org-gather vocabulary accepted with one upgrade: Feature ids UNIQUE ACROSS repos via concatenation (repo slug + local feature id) rather than gather-time remapping; union DB then structurally identical to any single-repo DB and the report code path reads either unchanged	User: "mostly yes, but i would have the feature id be unique between repos... concatenation of the repo id + local feature id or computed to be unique (some kind of UUID)... the union DB could be treated literally like other repo dB for the purpose of generating the report. The repo key needs to be unique for each repo independent of the machine it is cloned to yes"	user answer Q14	Cost disclosed: schema-wide id refactor lands in migration step 1 (feature ids TEXT "{slug}-{fid}", commits keyed (repo, sha)); UUID rejected — classifier citations need short stable ids
grill-r4-Q15	Artifact-landing = Q15->A: distinct artifact-update commit per push, PAT-pushed (GITHUB_TOKEN pushes don't re-trigger workflows — verified in GitHub docs), no-op discipline keeps commit count low	User: "Q15 -> yes A"	user answer Q15	Q12 fully closed (CI per-push, configurable cadence)
grill-r4-Q16	Exclusion rule scoped to the store only: `.skill-stats/**` excluded (pattern-based), no blanket hidden-dir rule; optional user-extensible ignore list at init for future paths; submodules handled for free (parent diffs show gitlink lines; blame never descends) — submodule repos can be analyzed as their own Target repos	User: "agree with the submodule, just treat them as how the diff shows them... lets just ignore only .skill-stats/**"	user answer Q16	dotfiles-style hidden-dir content (.config/, .ssh/) stays inside the analysis; frontier empty
grill-r5-close	Grill closed on ledger confirm (all Qs settled); ADR-0003 written (in-repo artifact + integrity + landing); DESIGN.md "Artifact & multi-repo" section added; README not-built list updated; user invoked review-and-ship on the docs-only diff	user confirmed ledger + Q16	log: ADR-0003; DESIGN.md; README.md	shipped via PR https://github.com/Dahep/skill-stats/pull/4 from t3/54dd6d0a (docs-only, gates green, 3-axis review passed + Q17/Q18 ratified)
grill-r5-fixes	Reviewer fixes applied (3 axes): digest payload defined (content minus the digest value, written last; unkeyed-checksum auth limits stated); update order corrected (lineage before live-lines); sample row family + (repo, sha)-keyed commits propagated into ADR/DESIGN; stale-run fast-forward policy added; trigger-vs-landing cadence clarified; glossary mechanics trimmed to meaning; submodule wording fixed (gitlink diff lines count as churn); future PAT-vs-GITHUB_TOKEN divergence flagged as pending user ruling instead of silently shipped	reviewers' reports (diff-reviewer: 0 crit / 7 warn / 2 note; standards: 6; spec: 6, worst = PAT change unratified)	ADR-0003; DESIGN.md; CONTEXT.md edits	PAT→GITHUB_TOKEN refinement goes to the user as Q17; ship blocked on it
impl-w1	Schema migration step 1: repositories table (repo_key/slug/branch/clone_url), (repo,sha)+(repo,walk_index) uniques, churn columns, TEXT feature ids {slug}-{n}; atomic migration incl. marker inside transaction; migrated store-only rows purged + orphaned features dropped; migrated==fresh equivalence test	summed from implementer + fixer waves; commit 78cf0f4 + fix 7731f40	evidence: pytest 70 passed (baseline 32), mypy strict + ruff clean, 3-axis reviewer wave (9 findings → 5 fixed), failure-injection + quoted-path + relabel-safety tests	PR #5 open feat/artifact-store
impl-w1-hazard	Wave-2 obligations recorded by implementer: repositories.added_at is wall-clock (serializer must drop/freeze); shim-keyed features keep local: prefixes until canonical URL backfill; classified_at + unknown-f-citation policy deferred; composite attribution FKs surface at union/serializer wave	implementer's "left for dispatcher" notes	impl waves 2-3 briefs must carry these constraints	noted
impl-w2	Animator serializer (format v1, digest-last, curated projection, byte-exact verify) + update verb (verify-first, best-effort classification w/ backlog line, exit 0) + live-lines (first-parent blame, closure accrual, unattributed split, backfill_state trust semantics) + report (Live lines column, size-over-time chart with gap rendering)	4 wave commits + reviewer wave (0 crit/9 warn/2 note) + fix wave (6 items, 4 commits)	evidence: pytest 101 passed (70 at wave start), mypy+ruff clean; implements grills Q7/Q9/Q11/Q13/Q15/Q17/Q18 + ADR-0003 cl.2/3/7	PR #6 open feat/update-verb
impl-w2-hazard	Wave-3 obligations: partial recompute flow on digest MISMATCH (restores newest verifiable version from artifact git history, re-analyzes after covered-through); CI scaffold (update-on-push, distinct landing commit via GITHUB_TOKEN Q17, Actions-artifact upload, Pages gate, stale-run abandonment); gather with (repo,sha) FK surface + repo_key backfill + slug-collision refusal; gather must know the _hdr \xNN convention and resolve merged backfill_state (union only as complete as least-complete set); incremental sample-sweep option for busy repos	fixer's "surfaced for wave 3" notes	wave-3+ briefs carry these	noted
grill-r5-Q17	Landing token ratified: Q17->A, GITHUB_TOKEN default, ring closed by exclusion, no secret setup; PAT only if a repo later wants the landing commit to trigger a fresh run	User: "Q17 -> A"	user answer Q17	ADR-0003 clause 6 as-written now ratified
grill-r5-Q18	Rare-edge policies ruled: (1) stale landing attempts dropped (newer push triggers its own cumulative run; superseded run shows a visible neutral status, never blocks X nor Y, never force-push); (2) same repo on two Target branches = gather fails with a clear error, no id renaming	User: "wouldnt push Y also trigger the ci run? ... we can just drop x-stats. x-stats fails but it shouldnt block X nor Y"; "just fail, aggregation of 1 repo multiple times is not supported or a better error"	user answer Q18	Same Repository key gathered twice stays idempotent; distinct keys sharing a URL slug are the unsupported case
